UF;Fonte;Quantidade_Usinas;Potencia_MW
BA;Eólica;381;11832,1
RN;Eólica;319;10726,036000000002
MG;Solar;241;8767,484
PI;Eólica;126;4396,35
BA;Solar;161;3057,064
CE;Eólica;103;2690,34
PI;Solar;83;2404,249
CE;Solar;79;2297,9010000000003
RN;Solar;80;2113,2200000000003
RS;Eólica;80;2050,691
PE;Solar;78;1505,1930000000002
PE;Eólica;46;1265,0649999999998
PB;Eólica;44;1234,24
SP;Solar;113;1222,8200000000002
MS;Solar;2890;904,869
PB;Solar;34;714,7160000000001
MA;Eólica;16;426,02200000000005
GO;Solar;32;365,202
SC;Eólica;18;250,59900000000002
RS;Solar;108;66,196
ES;Solar;51;35,903999999999996
SE;Eólica;1;34,5
PR;Solar;66;33,12499999999999
SC;Solar;80;28,921
RJ;Eólica;1;28,05
MT;Solar;26;27,787000000000003
PA;Solar;13109;18,050000000000004
RO;Solar;9;17,695000000000004
RJ;Solar;16;6,8919999999999995
TO;Solar;3;6,275
AL;Solar;7;4,943
MA;Solar;10;4,420999999999999
AP;Solar;1;4,039
AM;Solar;20;3,768
PR;Eólica;1;2,5
RR;Solar;2;2,1
DF;Solar;1;0,912
SE;Solar;1;0,8
AC;Solar;1;0,715
MG;Eólica;1;0,156
SP;Eólica;1;0,002
